date,session_day,market,rows,sha256,chain,recorded_at
2026-09-08,20704,eu,1,2adc647b52d9a4a0ba96ec7e7dc098bedcbc095c1b4d51e67acb0800a1d6644d,cac852da6a358b0ae23b70dca785d93664eb2b7ec7c004ffa98222fc3a73d9e4,2026-10-03T16:20:46.637Z
2026-09-08,20704,tase,2,1a86b840e34d6f3f276a69c21323bb0bd04635d951672a1f3ede12f898368098,7f08f9391f257e80336fa92d4b67e8e414cdb682c7129eca282fa562007197f0,2026-10-03T16:20:46.638Z
2026-09-08,20704,us,5,763b720a3062c68400a139ee45cedb70db6cb13a5d7376742f8b85a9391ad246,ce31d00f8eaac9aef1cea73765ddfbcc3c7408dedb06773aba72a4f8b5ac40ab,2026-10-03T16:20:46.638Z
2026-09-09,20705,eu,1,0192822a41ee0cd2e967374a50a8c113adde22bb336d33c08256c61bcbca2984,74c56cf38b7f8b6e47812507782f0eea55c3428f230f9f1e166c9994f9456196,2026-10-03T16:20:46.638Z
2026-09-09,20705,tase,2,1eef365311c19505916491d4981fa611c059edd43acfa8451597eed95279a287,3ec842016aa64b51e129a9eeb8373a503edda2b2fae1f96054a7984b0b5f16c0,2026-10-03T16:20:46.638Z
2026-09-09,20705,us,5,6438e1f3fdca2beee5850bf6fdf9636f30d2ca0c52ed9791f1d652d359f340c5,488fd713b67ad85cd1fa12221035c86a5c36b11e908553f24759941e42be1a8b,2026-10-03T16:20:46.638Z
2026-09-10,20706,eu,1,fe95b760ab9ddaa26f01119fc02807f98a74b98a7ca4e98c307c6e77c085377b,e276ea6315576815270847720eb8f205cabc18b834120fe01de6cbe8f63757af,2026-10-03T16:20:46.638Z
2026-09-10,20706,tase,2,65ecd35e5ae0625d8fb7a632598edd371d9fb37ec6ff4b7a60614ad8a05babfc,d87f0275cd61031de69c1baf402046b248ccf5be130b7390952971578d2283b0,2026-10-03T16:20:46.638Z
2026-09-10,20706,us,5,5962f04469f69530b334c92c4c04a49a1fdd5fee3d6311166bf45e677c86ceba,9155a18ebf7e92d9b517f22aa41a82be9769f11f9eede5594d789df48c0d14bc,2026-10-03T16:20:46.638Z
2026-09-11,20707,eu,1,1662c8a2a17e52612e8af3ccd893fce8f77e116a352027b275d6224f7e203c95,faa5da88251d588e87fce152148d8ae9c53e7a1c6d673a6a1730fc02b63ccc45,2026-10-03T16:20:46.638Z
2026-09-11,20707,us,5,e64ec1735e34f164d08a2bb7fd160f2b1d73a862ca83ca920b2ffab123874f59,fe1d1edf6002473fb41b8821e8e9eac118bcac38e309e024f81d9936839461c0,2026-10-03T16:20:46.638Z
2026-09-14,20710,eu,1,aa8d6228c90d34f2dd4e04ec96c488827705b934d1e9a1e87cbb2f197412a8f0,22c2e58ff065184bd787fb8fc79842edd3b0949a1260a553849e147af8ce0d67,2026-10-03T16:20:46.638Z
2026-09-14,20710,tase,2,a935d83c0b2747393c82ef0ca4097f1176e8e26e0351eccea5530b17595971f9,d19738945f756dfe0db1ef25c26cfe96a3c7e52a02d1d9dc3aca7de5f77bcf6a,2026-10-03T16:20:46.638Z
2026-09-14,20710,us,5,3595c573b66d321445378e48cc69bd2da2a8b6fa706c1f1909085ca46b0884c5,5b4d54896586c771d60ca8839b9ec1ad609ae2b301d26d53b7d65e2121c24759,2026-10-03T16:20:46.638Z
2026-09-15,20711,eu,1,26cb640b53e8e7d586ac457479cd0dba4799d3e5e3ba1defabd9aa1376ae59de,00c2fa5b4fde37d7a6110cbb5d3610214c000c618b061dd0000776c95f0d13ea,2026-10-03T16:20:46.638Z
2026-09-15,20711,tase,2,4158c7310b910bd6115479b106af7a5353a7ddcd5ebc4df775e107498a8e6b41,a70b34f5f3c3b439471a44ee500b0d42917492b1e45613ced5af18b2b660ab5f,2026-10-03T16:20:46.638Z
2026-09-15,20711,us,5,67800f1926342e20fe8994d10b5293db1182c3498da224200ab604f18955baee,73c7d53d2609b22f3b8e04ad18b7d915621c8d7d024665ec8f7a41ee534b65fc,2026-10-03T16:20:46.638Z
2026-09-16,20712,eu,1,cf649dcfcb0c0fb474b96d635e16cb4d2207898becd51fca3395a0336b9cc6d5,6c72f0e693485ad16f671a01e27a7ecfd8d6ba834704173d6253273a0e5c316a,2026-10-03T16:20:46.638Z
2026-09-16,20712,tase,2,af213e5194d56fc9cf09b3314ff110bcd3d507b07a6eb504f0143dff235ad247,7e32a77bfc4d3014182527881c196b75e6fb71161df956815ef5e9b94b73be61,2026-10-03T16:20:46.638Z
2026-09-16,20712,us,5,5aac3efecd708f9eea914475fb0e43ddaca7b63b264858f5b1633d0e9f0fa47e,232a152e4dcc347f24922aee0f74a00b7b47cf9e73dda74db849053941c13a0e,2026-10-03T16:20:46.638Z
2026-09-17,20713,eu,1,ccb8d38330203030d834ef1d4a5ae8bbc80dc896276f7139a00f8e78299ad632,d7b496bfd64165d8b30e42af5ed559686b8fc7e9bf14904391d4e131f16e79fd,2026-10-03T16:20:46.638Z
2026-09-17,20713,tase,2,65d1e5ef7a3dd08f62fdfe4983dea2c957e24c72829e5b0bc76750f71c9cb3c8,bfe3c87dbb74ac376917aeaad1429ee8af32f3be6b946335d6c642335ef0987d,2026-10-03T16:20:46.638Z
2026-09-17,20713,us,5,e1b2eb908316230e4ab96dddb3479369c34ecae410c3d627a59c6b73e8b16ebe,87a1829347060c922564501321b89d2a1e361e7b443e174bd4fedcf26028fe94,2026-10-03T16:20:46.639Z
2026-09-18,20714,eu,1,b3d65aa259e8f4e44a27f3f92b604372f0d0828fb5cd343f7fa0be9af16f99c2,c54652e3bd635c532c118e09b9bc9c462c6e40d50d439d4525b732d34b42608f,2026-10-03T16:20:46.639Z
2026-09-18,20714,us,5,f6ed38e5e9772224f102cf179861fbca8be150932b459d81c61795630829dbe1,738a2f21b0662cac018d132de4ae879623f50effb6fcc647bacda735447f89ee,2026-10-03T16:20:46.639Z
2026-09-21,20717,eu,1,a8773f662945e75817737562df919a948635395ed882a9cee632ac698f2610e4,22bcaaf3c46bbbb9e59a37a29c23c81c8a342413ea4008653baeae03a0b777ba,2026-10-03T16:20:46.639Z
2026-09-21,20717,us,5,aa71ed112252761d18d29eefd8b41117a0874ef34539c3b94d08a1983e93e2d6,9fd37653b113f80e6a702189aa8ba866bae107d0a9b3d902934eac2e79760195,2026-10-03T16:20:46.639Z
2026-09-22,20718,eu,1,414c543ec87c0e591705863b7823d150092dd999d8786b4c58a89960a09761e0,c8feebd7caad8d30b05994e1c0f9ac4bacff7bb7d8c130d53bcb66cbeb78206f,2026-10-03T16:20:46.639Z
2026-09-22,20718,tase,2,f80208c2cd4f298df9d59be23b9d504d7717e5aa0805e1ad10169b589a72e4fb,d018a893cb8bfdc95c031c9aacfffbb776d2ac10709f7ab571c7477e1973bdac,2026-10-03T16:20:46.639Z
2026-09-22,20718,us,5,4ccf4bef5c786ec92253eb381c8ee5fbec59c8316f6372a2083103922081bc70,8310e1e5158aa42db5201a0e04b4db610c0f840e78c3f70491a1ff638bdfe020,2026-10-03T16:20:46.639Z
2026-09-23,20719,eu,1,3fa743dee9e15b47abe8cafb8b0e49b87b2e9322665f567efb623dfddb84bed0,6803e4e53830bf280820d93c6d1b14f7290b8e5888ef889d516d715afde0d51c,2026-10-03T16:20:46.639Z
2026-09-23,20719,tase,2,3aa05db3a4cb29f51b21ef574be3ffe06c97d098c3a48fbde095d05a3ddb09ff,d5333e68778b22774615d42b9b7b2623c60f2844d17a7218ce6f3c0a8c49b824,2026-10-03T16:20:46.639Z
2026-09-23,20719,us,5,519eb561ec8416e64bb8b53deda035dfb2934572670ed451410931a2b06dc336,972cceae5a4549c8dd44f6c8b0e0f73925af4974a907cecf6994b680908353b8,2026-10-03T16:20:46.639Z
2026-09-24,20720,eu,2,eb3f619282d990fce2ff8dfd06db943d993ace308aaccd07e518e456f156760a,1bd6faa59414ae02e0d4470fcf849800645d7db1445f774804ba02def9597fce,2026-10-03T16:20:46.639Z
2026-09-24,20720,tase,2,6b5affb369a246585d1ff734ef035bd8044ecae6ab25ee9488b9a728cfeede81,c74baa40d4a3be5f6b09c15ac322f9d8318bd9b49c4be432f368e903893e6516,2026-10-03T16:20:46.639Z
2026-09-24,20720,us,5,d604c0e6a1880e43b7f32af6c61d5a92cd7367e8a735154446b7ce137f7cd01f,a4a60f26743843e5ed8a78b13074ccf2bb8a8c3c5e9d297edc364742a8d45065,2026-10-03T16:20:46.639Z
2026-09-25,20721,eu,2,55b0fab66035a7e173acf5558e709cba1431f386fb434c621075f62656c210b3,9543cf1465a872e483287ce238d4dba4a301b062086c3c03d1fa4b200f9d2137,2026-10-03T16:20:46.639Z
2026-09-25,20721,tase,2,97b9d361a8c85c61541ca34593c888f81d78beddd173ce7ae24b02770321e458,d34badcef7ec0272d1296861d1c73bb3cd900c6e79f273bc8b22b2a84a58f8fb,2026-10-03T16:20:46.640Z
2026-09-25,20721,us,8,500dfc1d3f6744f0282f698e575c53829928839ab96f643cbab2f8e1852a81c5,21226f755210db1a29bedc77cad018a25c418d9c6c821ab8907a687a9d084526,2026-10-03T16:20:46.640Z
2026-09-27,20723,tase,2,03fc43ed761fa8591360956683a76e6318ef7b1620cc5ceb76d59d3c37317285,2d6003397e40e898bbcc37eace2f4c8d6ac69c08522134d34fda3f84420cbea4,2026-10-03T16:20:46.640Z
2026-09-28,20724,eu,2,00c5cb80855b7fa6faccb9d3bcad1e5be21a4136c48621675f055f37951607fc,16ef95a5273f5d32e6a62b55ba9b1356bfd2c4e36a9fe86a25a4acc6f861b1c1,2026-10-03T16:20:46.640Z
2026-09-28,20724,tase,2,d5b1047d675db991ac5b9ad90d51db9821e15510e48a13f88922c0f1cf9e9ca8,2484b9030ba7a376f09b209cd39cfe53ae63f2f3dfe4e4d87f3b60c1f6255b5b,2026-10-03T16:20:46.640Z
2026-09-28,20724,us,8,0e3d947d1d80bb6b3173aecba48008b96e29e18bbd74610d919d01f10ef4ce83,d3cd6cf870f3d8ab39363c86e3e443581293f48ac873d7c7b4f899ef44202350,2026-10-03T16:20:46.640Z
2026-09-29,20725,eu,2,39b24c17b1e0dbf074767c04ed73bf09e7d67835c29b5118afccbecc8190543f,18d8a609134c6f399d3d34be25feda706a884a2880304fdd4a90da4cdd035a8f,2026-10-03T16:20:46.640Z
2026-09-29,20725,tase,2,b5a0ce8324d414d90d179f1dbe59dc18122f326627294c1771b2aef0d09f1d0d,d605fa6cd76f5e1cf042f3add2ca8245ceaed7c2f1cd9785f079efe46ec52048,2026-10-03T16:20:46.640Z
2026-09-29,20725,us,8,11cbe6c78171197524bc68d5a386519942fbbe54ce3a59c8b991baf628f574eb,eb3c19016321473c6d8c16a71cef5cbd665235efb926c9728306b075f6a341b7,2026-10-03T16:20:46.640Z
2026-09-30,20726,eu,2,0c02acce0b8aec3513ee18c6de178556870455a32aed244d4509405b13426f39,70f4dcbd6774f5e8efcf21ed918da9219ac71bf2a992302c9a6bf884781575cb,2026-10-03T16:20:46.640Z
2026-09-30,20726,tase,2,6175e5a579123ebe4009a4a26e4ac5c2b370902f30f7b4730c02ef0338699e66,f84b9f447b9ac2b3d8faf56150a8ac640dd914a09af19843f5de485bad7be941,2026-10-03T16:20:46.640Z
2026-09-30,20726,us,8,9754a17549cd0d652cfd66711ced68cd830872b55814a3535d59fd3d69f18527,4ecdab7b05c44fa58bea1fe3970472a4c1d02c5a54fb2920e209e69a172e5774,2026-10-03T16:20:46.640Z
2026-10-01,20727,eu,2,70951d8d3a2ab29cba8f4c08cb3b8a91ac6f2cb2be36459ae70e3f393a97355b,9faf7faddf0871cc1bc2fccb52c9a223eaff327c6d617d7665a0ca670d102192,2026-10-03T16:20:46.640Z
2026-10-01,20727,tase,2,b718e03f101d9bc79502654f72d8557684293e938581dc498a33774d6fdede8a,8c712d12286ae349c649e03ca63051d3fc5cfe76c9d17a40825b12d9776c6b42,2026-10-03T16:20:46.640Z
2026-10-01,20727,us,8,700d475da85f0f5a1660d20779d50b2771dc9f61cc8edc1d3921d25da6e57ef7,715d9332b20ce50631d48c4c343cf6f7267c79f9b27ae38a628d94a84b64fcf5,2026-10-03T16:20:46.640Z
2026-10-02,20728,eu,2,32e32a29093152021c1516f456e1b550b6f580bbb07ccae1ba7888a8715c0e8c,f1d3472c5601c7a7c9776a4c4ffcbbed686e384777ccd19117a3cd152a4cc53b,2026-10-03T16:20:46.640Z
2026-10-02,20728,us,8,233fcbb9eabfdf7892019e1393063d157e438723f735f23a363951e1019d440a,c61740ce492a6e6885e8a1edfb24388f1f887b192891da4fd6308e22495482c6,2026-10-03T16:20:46.640Z
